{
  "ameacas": [
    3.5,
    2.25,
    2.25,
    3.25,
    3.25,
    2.75,
    2.75,
    3.25,
    1.3125,
    2.5,
    3.25,
    2.875,
    2.5625,
    3.125,
    2.125,
    3.125,
    1.96875,
    3.125,
    2.9375,
    2.59375,
    2.1875,
    2.5625,
    3.25,
    2.71875,
    3.125,
    2.5625,
    3,
    3,
    3.125,
    3.125,
    2.75,
    3.0625,
    2.875,
    3.46875,
    3.5,
    3.0625,
    2.9375,
    3.125,
    3,
    2.75,
    3.125,
    3.375,
    2.75,
    3.5,
    3.3125,
    2.875,
    2.375,
    2.8125,
    3,
    2.375,
    2.625,
    2.25,
    2.625,
    2.75,
    2.375,
    2.75,
    2.5625,
    2.3125,
    2.375,
    2.875,
    2.34375,
    3.1875,
    2.75,
    3.625,
    3.46875,
    3.25,
    2.4375,
    3,
    3.25,
    2.8125,
    2.125,
    2.4375,
    3.5,
    2.59375,
    2.9375,
    3.375,
    2.75,
    3.25,
    3.5,
    3.5,
    2.375,
    3.375,
    2.625,
    2.875,
    3.25,
    3.09375,
    3,
    3.1875,
    3.3125,
    3.25,
    2.625,
    3.25,
    2.6875,
    2.625,
    2.5,
    3.375,
    2.625,
    3,
    1.75,
    3.25,
    2.25,
    2.5625,
    3.125,
    2.8125,
    3.125,
    3.25,
    3,
    3.125,
    3,
    3.375,
    3.5,
    3,
    3,
    2.75,
    2.875,
    2.3125,
    2.5625,
    3.125,
    3.0625,
    3.375,
    2.875,
    1.875,
    2.625,
    2.53125
  ],

"ameacas-sorted": [
  3.5,
  2.25,
  2.25,
  3.25,
  3.25,
  2.75,
  2.75,
  3.25,
  1.3125, //1
  2.5,
  3.25,
  2.875,
  2.5625,
  3.125,
  2.125,
  3.125,
  1.96875,
  3.125,
  2.9375,
  2.59375,
  2.1875, //5
  2.5625,
  3.25,
  2.71875,
  3.125,
  2.5625, //3
  3,
  3,
  3.125,
  3.125,
  2.75,
  3.0625,
  2.875,
  3.46875,
  3.5,
  3.0625,
  2.9375,
  3.125,
  3,
  2.75,
  3.125,
  3.375,
  2.75,
  3.5,
  3.3125,
  2.875,
  2.375, //2
  2.8125,
  3,
  2.375,
  2.625,
  2.25,
  2.625,
  2.75,
  2.375,
  2.75,
  2.5625,
  2.3125,
  2.375, //8
  2.875,
  2.34375,
  3.1875,
  2.75, //9
  3.625,
  3.46875,
  3.25,
  2.4375,
  3,
  3.25,
  2.8125,
  2.125,
  2.4375, //10
  3.5,
  2.59375,
  2.9375,
  3.375,
  2.75,
  3.25,
  3.5,
  3.5,
  2.375, //4
  3.375, //6
  2.625,
  2.875,
  3.25,
  3.09375,
  3,
  3.1875,
  3.3125,
  3.25,
  2.625,
  3.25,
  2.6875,
  2.625,
  2.5,
  3.375,
  2.625,
  3,
  1.75,
  3.25,
  2.25,
  2.5625,
  3.125,
  2.8125,
  3.125, //7
  ]
}
